{
  "temp_max_fb": 0.05992637489919944,
  "temp_min_fb": 0.08582230857591464,
  "humidity_percent_hist_fb": 0.3663227252379767,
  "wind_speed_kmh_hist_fb": 0.05057687815424324,
  "city_encoded": 0.437351713132666
}